total_laps_completed,total_time_taken, experiment_number
2.5125284738, 62.408, 1
2.50721336371, 62.348, 2
2.49962034928, 62.381, 3
2.50417615793, 62.333, 4
2.51176917236, 62.31, 5
2.50341685649, 62.358, 6
2.49886104784, 62.304, 7
2.50189825361, 62.369, 9
2.5178435839, 62.296, 10
2.50341685649, 62.329, 11
2.49126803341, 62.247, 12
2.50265755505, 62.292, 13
2.50721336371, 62.281, 14
2.49810174639, 62.293, 15
2.48823082764, 62.332, 16
